ID,ClassProcess,Class,Process,Type,KPI,Syntax
1,AirCurtain_Command and Proof Exist,AirCurtain,Command and Proof Exist,Boolean,No,([run cmd] IS NOT NULL AND [run sensor] IS NOT NULL)
2,AirCurtain_Command or Proof Exist,AirCurtain,Command or Proof Exist,Boolean,No,([run cmd] IS NOT NULL OR [run sensor] IS NOT NULL)
3,AirCurtain_Equipment Operating,AirCurtain,Equipment Operating,Boolean,Yes,([run cmd] = 1 OR [run sensor] = 1)
4,AirCurtain_Failed Sensor - Zone Air Cooling Temp,AirCurtain,Failed Sensor - Zone Air Cooling Temp,Boolean,No,([zone air temp cooling sensor] < 0 OR [zone air temp cooling sensor] > 120)
5,AirCurtain_Failed Sensor - Zone Air Heating Temp,AirCurtain,Failed Sensor - Zone Air Heating Temp,Boolean,No,([zone air temp heating sensor] < 0 OR [zone air temp heating sensor] > 120)
6,AirCurtain_Failed Sensor - Zone Air Temp,AirCurtain,Failed Sensor - Zone Air Temp,Boolean,No,([zone air temp sensor] < 0 OR [zone air temp sensor] > 120)
7,AirCurtain_Fan Commanded Off,AirCurtain,Fan Commanded Off,Boolean,No,([run cmd] = 0)
8,AirCurtain_Fan Commanded On,AirCurtain,Fan Commanded On,Boolean,No,([run cmd] = 1)
9,AirCurtain_Fan Proof Exists,AirCurtain,Fan Proof Exists,Boolean,No,([run sensor] IS NOT NULL)
10,AirCurtain_Fan Proof Off,AirCurtain,Fan Proof Off,Boolean,No,([run sensor] = 0)
11,AirCurtain_Fan Proof On,AirCurtain,Fan Proof On,Boolean,No,([run sensor] = 1)
12,AirCurtain_Unoccupied Hours,AirCurtain,Unoccupied Hours,Boolean,No,([occupancy cmd] = 0)
13,AirCurtain_Zone Air Cooling Temp Exists,AirCurtain,Zone Air Cooling Temp Exists,Boolean,No,([zone air temp cooling sensor] IS NOT NULL)
14,AirCurtain_Zone Air Heating Temp Exists,AirCurtain,Zone Air Heating Temp Exists,Boolean,No,([zone air temp heating sensor] IS NOT NULL)
15,AirCurtain_Zone Air Temp Control Error,AirCurtain,Zone Air Temp Control Error,Numeric,Yes,"([zone air temp sensor] - COALESCE([zone air temp sp],(COALESCE([zone air temp cooling sensor],[zone air temp cooling cmd]) + COALESCE([zone air temp heating sensor],[zone air temp heating cmd])) / 2.0))"
16,AirCurtain_Zone Air Temp Exists,AirCurtain,Zone Air Temp Exists,Boolean,No,([zone air temp sensor] IS NOT NULL)
17,AirCurtain_Zone Air Temp Reading,AirCurtain,Zone Air Temp Reading,Numeric,No,([zone air temp sensor])
18,AirCurtain_Zone Air Temp Setpoint,AirCurtain,Zone Air Temp Setpoint,Numeric,No,"(COALESCE([zone air temp sp],(COALESCE([zone air temp cooling sensor],[zone air temp cooling cmd]) + COALESCE([zone air temp heating sensor],[zone air temp heating cmd])) / 2.0))"
19,AirHandlingUnit_Air Temp Setpoint Coordination,AirHandlingUnit,Air Temp Setpoint Coordination,Boolean,No,([mixed air temp sp] - [discharge air temp sp] > 0)
20,AirHandlingUnit_Cooling Commanded Off,AirHandlingUnit,Cooling Commanded Off,Boolean,No,([cooling cmd] = 0)
21,AirHandlingUnit_Cooling Commanded On,AirHandlingUnit,Cooling Commanded On,Boolean,No,([cooling cmd] = 1)
22,AirHandlingUnit_Cooling Proof Exists,AirHandlingUnit,Cooling Proof Exists,Boolean,No,([cooling valve sensor] IS NOT NULL OR ([mixed air temp sensor] IS NOT NULL AND [discharge air temp sensor] IS NOT NULL))
23,AirHandlingUnit_Cooling Proof Off,AirHandlingUnit,Cooling Proof Off,Boolean,No,([cooling valve sensor] < 5 OR [mixed air temp sensor] - [discharge air temp sensor] < 3)
24,AirHandlingUnit_Cooling Proof On,AirHandlingUnit,Cooling Proof On,Boolean,No,([cooling valve sensor] > 5 OR [mixed air temp sensor] - [discharge air temp sensor] > 3)
25,AirHandlingUnit_Discharge Air Flow Control Error,AirHandlingUnit,Discharge Air Flow Control Error,Numeric,Yes,"(ABS(1.0 - [discharge air flow sensor] / NULLIF([discharge air flow sp],0)))"
26,AirHandlingUnit_Discharge Air Flow Exists,AirHandlingUnit,Discharge Air Flow Exists,Boolean,No,([discharge air flow sensor] IS NOT NULL)
27,AirHandlingUnit_Discharge Air Flow Reading,AirHandlingUnit,Discharge Air Flow Reading,Numeric,No,([discharge air flow sensor])
28,AirHandlingUnit_Discharge Air Flow Setpoint,AirHandlingUnit,Discharge Air Flow Setpoint,Numeric,No,([discharge air flow sp])
29,AirHandlingUnit_Discharge Air Flow SP Exists,AirHandlingUnit,Discharge Air Flow SP Exists,Boolean,No,([discharge air flow sp] IS NOT NULL)
30,AirHandlingUnit_Discharge Air Pressure Control Error,AirHandlingUnit,Discharge Air Pressure Control Error,Numeric,Yes,([discharge air pressure sensor] - [discharge air pressure sp])
31,AirHandlingUnit_Discharge Air Pressure Exists,AirHandlingUnit,Discharge Air Pressure Exists,Boolean,No,([discharge air pressure sensor] IS NOT NULL)
32,AirHandlingUnit_Discharge Air Pressure Reading,AirHandlingUnit,Discharge Air Pressure Reading,Numeric,No,([discharge air pressure sensor])
33,AirHandlingUnit_Discharge Air Pressure Setpoint,AirHandlingUnit,Discharge Air Pressure Setpoint,Numeric,No,([discharge air pressure sp])
34,AirHandlingUnit_Discharge Air Pressure SP Exists,AirHandlingUnit,Discharge Air Pressure SP Exists,Boolean,No,([discharge air pressure sp] IS NOT NULL)
35,AirHandlingUnit_Discharge Air Temp Control Error,AirHandlingUnit,Discharge Air Temp Control Error,Numeric,Yes,([discharge air temp sensor] - [discharge air temp sp])
36,AirHandlingUnit_Discharge Air Temp Exists,AirHandlingUnit,Discharge Air Temp Exists,Boolean,No,([discharge air temp sensor] IS NOT NULL)
37,AirHandlingUnit_Discharge Air Temp Reading,AirHandlingUnit,Discharge Air Temp Reading,Numeric,No,([discharge air temp sensor])
38,AirHandlingUnit_Discharge Air Temp Setpoint,AirHandlingUnit,Discharge Air Temp Setpoint,Numeric,No,([discharge air temp sp])
39,AirHandlingUnit_Discharge Air Temp SP Exists,AirHandlingUnit,Discharge Air Temp SP Exists,Boolean,No,([discharge air temp sp] IS NOT NULL)
40,AirHandlingUnit_Discharge Air Temp Too Cold,AirHandlingUnit,Discharge Air Temp Too Cold,Boolean,No,([discharge air temp sp] - [discharge air temp sensor] > 2)
41,AirHandlingUnit_Discharge Air Temp Too Hot,AirHandlingUnit,Discharge Air Temp Too Hot,Boolean,No,([discharge air temp sensor] - [discharge air temp sp] > 2)
42,AirHandlingUnit_Discharge Fan Command or Proof Exists,AirHandlingUnit,Discharge Fan Command or Proof Exists,Boolean,No,([discharge air fan run cmd] = 1 OR [discharge air fan run sensor 1] = 1 OR [discharge air fan run sensor 2] = 1 OR [discharge air fan run sensor 3] = 1 OR [discharge air fan run sensor 4] = 1 OR [discharge air fan run sensor 5] = 1 OR [discharge air fan run sensor 6] = 1 OR [discharge air pressure sensor] > 0.2)
43,AirHandlingUnit_Discharge Fan Commanded Off,AirHandlingUnit,Discharge Fan Commanded Off,Boolean,No,([discharge air fan run cmd] = 0)
44,AirHandlingUnit_Discharge Fan Commanded On,AirHandlingUnit,Discharge Fan Commanded On,Boolean,No,([discharge air fan run cmd] = 1)
45,AirHandlingUnit_Equipment Not Operating,AirHandlingUnit,Equipment Not Operating,Boolean,No,"(COALESCE([discharge air fan run cmd],[discharge air fan run sensor 1],[discharge air fan run sensor 2],[discharge air fan run sensor 3],[discharge air fan run sensor 4],[discharge air fan run sensor 5],[discharge air fan run sensor 6],[discharge air pressure sensor]) IS NOT NULL AND (([discharge air fan run cmd] = 0 OR [discharge air fan run cmd] IS NULL) AND ([discharge air fan run sensor 1] = 0 OR [discharge air fan run sensor 1] IS NULL) AND ([discharge air fan run sensor 2] = 0 OR [discharge air fan run sensor 2] IS NULL) AND ([discharge air fan run sensor 3] = 0 OR [discharge air fan run sensor 3] IS NULL) AND ([discharge air fan run sensor 4] = 0 OR [discharge air fan run sensor 4] IS NULL) AND ([discharge air fan run sensor 5] = 0 OR [discharge air fan run sensor 5] IS NULL) AND ([discharge air fan run sensor 6] = 0 OR [discharge air fan run sensor 6] IS NULL) AND ([discharge air pressure sensor] < 0.05 OR [discharge air pressure sensor] IS NULL)))"
46,AirHandlingUnit_Discharge Fan Proof Exists,AirHandlingUnit,Discharge Fan Proof Exists,Boolean,No,([discharge air fan run sensor 1] IS NOT NULL OR [discharge air fan run sensor 2] IS NOT NULL OR [discharge air fan run sensor 3] IS NOT NULL OR [discharge air fan run sensor 4] IS NOT NULL OR [discharge air fan run sensor 5] IS NOT NULL OR [discharge air fan run sensor 6] IS NOT NULL)
47,AirHandlingUnit_Discharge Fan Proof Off,AirHandlingUnit,Discharge Fan Proof Off,Boolean,No,([discharge air fan run sensor 1] = 0 OR [discharge air fan run sensor 2] = 0 OR [discharge air fan run sensor 3] = 0 OR [discharge air fan run sensor 4] = 0 OR [discharge air fan run sensor 5] = 0 OR [discharge air fan run sensor 6] = 0)
48,AirHandlingUnit_Discharge Fan Proof On,AirHandlingUnit,Discharge Fan Proof On,Boolean,No,([discharge air fan run sensor 1] = 1 OR [discharge air fan run sensor 2] = 1 OR [discharge air fan run sensor 3] = 1 OR [discharge air fan run sensor 4] = 1 OR [discharge air fan run sensor 5] = 1 OR [discharge air fan run sensor 6] = 1)
49,AirHandlingUnit_Discharge Fan Speed Above Minimum,AirHandlingUnit,Discharge Fan Speed Above Minimum,Boolean,No,"([discharge air fan speed cmd] > COALESCE([discharge air fan min speed sp],5) OR [discharge air fan speed sensor] > COALESCE([discharge air fan min speed sp],5) OR [discharge air fan freq sensor] > 15)"
50,AirHandlingUnit_Discharge Fan Speed At Maximum,AirHandlingUnit,Discharge Fan Speed At Maximum,Boolean,No,([discharge air fan speed cmd] > 95 OR [discharge air fan speed sensor] > 95 OR [discharge air fan freq sensor] > 55)
51,AirHandlingUnit_Discharge Fan Speed At Minimum,AirHandlingUnit,Discharge Fan Speed At Minimum,Boolean,No,"([discharge air fan speed cmd] < COALESCE([discharge air fan min speed sp],5) OR [discharge air fan speed sensor] < COALESCE([discharge air fan min speed sp],5) OR [discharge air fan freq sensor] < 15)"
52,AirHandlingUnit_Discharge Fan Speed Below Maximum,AirHandlingUnit,Discharge Fan Speed Below Maximum,Boolean,No,"(COALESCE([discharge air fan freq sensor],[discharge air fan speed sensor],[discharge air fan speed cmd]) IS NOT NULL AND (([discharge air fan freq sensor] < 55 OR [discharge air fan freq sensor] IS NULL) AND ([discharge air fan speed sensor] < 95 OR [discharge air fan speed sensor] IS NULL) AND ([discharge air fan speed cmd] < 95 OR [discharge air fan speed cmd] IS NULL)))"
53,AirHandlingUnit_Discharge Fan Speed Exists,AirHandlingUnit,Discharge Fan Speed Exists,Boolean,No,([discharge air fan speed cmd] IS NOT NULL OR [discharge air fan speed sensor] IS NOT NULL OR [discharge air fan freq sensor] IS NOT NULL)
54,AirHandlingUnit_Economizing Proof Off,AirHandlingUnit,Economizing Proof Off,Boolean,No,(abs([mixed air temp sensor] - [outside air temp sensor]) > 3 AND abs([return air temp sensor] - [mixed air temp sensor]) < 3)
55,AirHandlingUnit_Economizing Proof On,AirHandlingUnit,Economizing Proof On,Boolean,No,(abs([mixed air temp sensor] - [outside air temp sensor]) < 3 AND abs([return air temp sensor] - [mixed air temp sensor]) > 3)
56,AirHandlingUnit_Equipment Operating,AirHandlingUnit,Equipment Operating,Boolean,Yes,([discharge air fan run cmd] = 1 OR [discharge air fan run sensor 1] = 1 OR [discharge air fan run sensor 2] = 1 OR [discharge air fan run sensor 3] = 1 OR [discharge air fan run sensor 4] = 1 OR [discharge air fan run sensor 5] = 1 OR [discharge air fan run sensor 6] = 1 OR [discharge air pressure sensor] > 0.2)
57,AirHandlingUnit_Failed Sensor - Discharge Air Pressure,AirHandlingUnit,Failed Sensor - Discharge Air Pressure,Boolean,No,([discharge air pressure sensor] < -0.5 OR [discharge air pressure sensor] > 6)
58,AirHandlingUnit_Failed Sensor - Discharge Air Temp,AirHandlingUnit,Failed Sensor - Discharge Air Temp,Boolean,No,([discharge air temp sensor] < 0 OR [discharge air temp sensor] > 120)
59,AirHandlingUnit_Failed Sensor - Mixed Air Temp,AirHandlingUnit,Failed Sensor - Mixed Air Temp,Boolean,No,([mixed air temp sensor] < 0 OR [mixed air temp sensor] > 120)
60,AirHandlingUnit_Failed Sensor - Outside Air Temp,AirHandlingUnit,Failed Sensor - Outside Air Temp,Boolean,No,([outside air temp sensor] < 0 OR [outside air temp sensor] > 120)
61,AirHandlingUnit_Failed Sensor - Return Air Temp,AirHandlingUnit,Failed Sensor - Return Air Temp,Boolean,No,([return air temp sensor] < 30 OR [return air temp sensor] > 100)
62,AirHandlingUnit_Failed Sensor - Zone Static Pressure,AirHandlingUnit,Failed Sensor - Zone Static Pressure,Boolean,No,([zone air pressure sensor] > 0.15 OR [zone air pressure sensor] < -0.15)
63,AirHandlingUnit_Full Economizing Capacity,AirHandlingUnit,Full Economizing Capacity,Boolean,No,([outside air temp sensor] <= [discharge air temp sp])
64,AirHandlingUnit_Heating Proof On,AirHandlingUnit,Heating Proof On,Boolean,No,([discharge air temp sensor] - [mixed air temp sensor] > 10)
65,AirHandlingUnit_Mech Cooling Exists,AirHandlingUnit,Mech Cooling Exists,Boolean,No,([cooling valve sensor] IS NOT NULL OR [cooling cmd] IS NOT NULL)
66,AirHandlingUnit_Mech Cooling Off,AirHandlingUnit,Mech Cooling Off,Boolean,No,"(COALESCE([cooling valve sensor],[cooling cmd]) IS NOT NULL AND (([cooling valve sensor] < 10 OR [cooling valve sensor] IS NULL) OR ([cooling cmd] < 10 OR [cooling cmd] IS NULL)))"
67,AirHandlingUnit_Mech Cooling On,AirHandlingUnit,Mech Cooling On,Boolean,No,([cooling valve sensor] > 30 OR [cooling cmd] > 30)
68,AirHandlingUnit_Mech Heating Exists,AirHandlingUnit,Mech Heating Exists,Boolean,No,([preheat valve cmd] IS NOT NULL OR [preheat valve sensor] IS NOT NULL OR [reheat valve sp] IS NOT NULL OR [reheat valve sensor] IS NOT NULL)
69,AirHandlingUnit_Mech Heating Off,AirHandlingUnit,Mech Heating Off,Boolean,No,"(COALESCE([preheat valve cmd],[preheat valve sensor],[reheat valve sp],[reheat valve sensor]) IS NOT NULL AND (([preheat valve cmd] < 10 OR [preheat valve cmd] IS NULL) AND ([preheat valve sensor] < 10 OR [preheat valve cmd] IS NULL) AND ([reheat valve sp] < 10 OR [reheat valve sp] IS NULL) AND ([reheat valve sensor] < 10 OR [reheat valve sensor] IS NULL)))"
70,AirHandlingUnit_Mech Heating On,AirHandlingUnit,Mech Heating On,Boolean,No,([preheat valve cmd] > 30 OR [preheat valve sensor] > 30 OR [reheat valve sp] > 30 OR [reheat valve sensor] > 30)
71,AirHandlingUnit_Mixed Air Temp Above Outside Air Temp,AirHandlingUnit,Mixed Air Temp Above Outside Air Temp,Boolean,No,([mixed air temp sensor] > [outside air temp sensor] + 2)
72,AirHandlingUnit_Mixed Air Temp Above Return Air Temp,AirHandlingUnit,Mixed Air Temp Above Return Air Temp,Boolean,No,([mixed air temp sensor] > [return air temp sensor] + 2)
73,AirHandlingUnit_Mixed Air Temp Control Error,AirHandlingUnit,Mixed Air Temp Control Error,Numeric,Yes,([mixed air temp sensor] - [mixed air temp sp])
74,AirHandlingUnit_Mixed Air Temp Exists,AirHandlingUnit,Mixed Air Temp Exists,Boolean,No,([mixed air temp sensor] IS NOT NULL)
75,AirHandlingUnit_Mixed Air Temp Reading,AirHandlingUnit,Mixed Air Temp Reading,Numeric,No,([mixed air temp sensor])
76,AirHandlingUnit_Mixed Air Temp Setpoint,AirHandlingUnit,Mixed Air Temp Setpoint,Numeric,No,([mixed air temp sp])
77,AirHandlingUnit_Mixed Air Temp SP Exists,AirHandlingUnit,Mixed Air Temp SP Exists,Boolean,No,([mixed air temp sp] IS NOT NULL)
78,AirHandlingUnit_Mixed Air Temp Too Cold,AirHandlingUnit,Mixed Air Temp Too Cold,Boolean,No,([mixed air temp sensor] < [discharge air temp sp] - 2)
79,AirHandlingUnit_Mixed Air Temp Too Hot,AirHandlingUnit,Mixed Air Temp Too Hot,Boolean,No,([mixed air temp sensor] > [discharge air temp sp] - 2)
80,AirHandlingUnit_Mixed Economizing Capacity,AirHandlingUnit,Mixed Economizing Capacity,Boolean,No,([outside air temp sensor] > [discharge air temp sp] AND [outside air temp sensor] < [return air temp sensor])
81,AirHandlingUnit_Negative Zone Air Pressure,AirHandlingUnit,Negative Zone Air Pressure,Boolean,No,([zone air pressure sensor] < -0.02)
82,AirHandlingUnit_No Economizing Capacity,AirHandlingUnit,No Economizing Capacity,Boolean,No,([outside air temp sensor] > [return air temp sensor])
83,AirHandlingUnit_Outside Air Damper Above Minimum,AirHandlingUnit,Outside Air Damper Above Minimum,Boolean,No,"(COALESCE([outside air damper cmd],[outside air damper sensor]) IS NOT NULL AND (([outside air damper cmd] > 10 OR [outside air damper cmd] IS NULL) AND ([outside air damper sensor] > 10 OR [outside air damper sensor] IS NULL)))"
84,AirHandlingUnit_Outside Air Damper At Maximum,AirHandlingUnit,Outside Air Damper At Maximum,Boolean,No,"(COALESCE([outside air damper cmd],[outside air damper sensor]) IS NOT NULL AND (([outside air damper cmd] > 90 OR [outside air damper cmd] IS NULL) AND ([outside air damper sensor] > 90 OR [outside air damper sensor] IS NULL)))"
85,AirHandlingUnit_Outside Air Damper At Minimum,AirHandlingUnit,Outside Air Damper At Minimum,Boolean,No,"(COALESCE([outside air damper cmd],[outside air damper sensor]) IS NOT NULL AND (([outside air damper cmd] < 10 OR [outside air damper cmd] IS NULL) AND ([outside air damper sensor] < 10 OR [outside air damper sensor] IS NULL)))"
86,AirHandlingUnit_Outside Air Damper Below Maximum,AirHandlingUnit,Outside Air Damper Below Maximum,Boolean,No,"(COALESCE([outside air damper cmd],[outside air damper sensor]) IS NOT NULL AND (([outside air damper cmd] < 90 OR [outside air damper cmd] IS NULL) AND ([outside air damper sensor] < 90 OR [outside air damper sensor] IS NULL)))"
87,AirHandlingUnit_Outside Air Damper Exists,AirHandlingUnit,Outside Air Damper Exists,Boolean,No,([outside air damper cmd] IS NOT NULL OR [outside air damper sensor] IS NOT NULL)
88,AirHandlingUnit_Outside Air Temp Exists,AirHandlingUnit,Outside Air Temp Exists,Boolean,No,([outside air temp sensor] IS NOT NULL)
89,AirHandlingUnit_Over Pressurized Discharge,AirHandlingUnit,Over Pressurized Discharge,Boolean,No,([discharge air pressure sensor] - [discharge air pressure sp] > 0.25)
90,AirHandlingUnit_Return Air Damer Below Maximum,AirHandlingUnit,Return Air Damer Below Maximum,Boolean,No,([return air damper sensor] < 95 OR [return air damper cmd] < 95)
91,AirHandlingUnit_Return Air Damper At Maximum,AirHandlingUnit,Return Air Damper At Maximum,Boolean,No,([return air damper sensor] > 95 OR [return air damper cmd] >95)
92,AirHandlingUnit_Return Air Damper At Minimum,AirHandlingUnit,Return Air Damper At Minimum,Boolean,No,([return air damper sensor] < 5 OR [return air damper cmd] < 5)
93,AirHandlingUnit_Return Air Damper Exists,AirHandlingUnit,Return Air Damper Exists,Boolean,No,([return air damper sensor] IS NOT NULL OR [return air damper cmd] IS NOT NULL)
94,AirHandlingUnit_Return Air Damper Open,AirHandlingUnit,Return Air Damper Open,Boolean,No,([return air damper sensor] > 80 OR [return air damper cmd] > 80)
95,AirHandlingUnit_Return Air Temp Exists,AirHandlingUnit,Return Air Temp Exists,Boolean,No,([return air temp sensor] IS NOT NULL)
96,AirHandlingUnit_Return Air Temp Too Cold,AirHandlingUnit,Return Air Temp Too Cold,Boolean,No,([return air temp sensor] < 66 AND [return air temp sensor] > 30)
97,AirHandlingUnit_Return Air Temp Too Hot,AirHandlingUnit,Return Air Temp Too Hot,Boolean,No,([return air temp sensor]< 120 AND [return air temp sensor] > 90)
98,AirHandlingUnit_Under Pressurized Discharge,AirHandlingUnit,Under Pressurized Discharge,Boolean,No,([discharge air pressure sp] - [discharge air pressure sensor] > 0.25)
99,AirHandlingUnit_Unoccupied Hours,AirHandlingUnit,Unoccupied Hours,Boolean,No,"(COALESCE([occupancy cmd],[occupancy indicator sensor]) IS NOT NULL AND (([occupancy cmd] = 0 OR [occupancy cmd] IS NULL) AND ([occupancy indicator sensor] = 0 OR [occupancy indicator sensor] IS NULL)))"
100,AirHandlingUnit_Zone Air Pressure Exists,AirHandlingUnit,Zone Air Pressure Exists,Boolean,No,([zone air pressure sensor] IS NOT NULL)
101,AirHandlingUnit_Zone Air Temp Control Error,AirHandlingUnit,Zone Air Temp Control Error,Numeric,Yes,"(COALESCE([zone air effective temp sensor],[zone air temp sensor 1]+[zone air temp sensor 2]+[zone air temp sensor 3]/3.0) - COALESCE([zone air temp sp],[zone air temp cooling sp]+[zone air temp occ heating sp]/2.0))"
102,AirHandlingUnit_Zone Air Temp Reading,AirHandlingUnit,Zone Air Temp Reading,Numeric,No,"(COALESCE([zone air effective temp sensor],[zone air temp sensor 1]+[zone air temp sensor 2]+[zone air temp sensor 3]/3.0))"
103,AirHandlingUnit_Zone Air Temp Setpoint,AirHandlingUnit,Zone Air Temp Setpoint,Numeric,No,"(COALESCE([zone air temp sp],[zone air temp cooling sp]+[zone air temp occ heating sp]/2.0))"
104,BeerSystem_Equipment Operating,BeerSystem,Equipment Operating,Boolean,Yes,([run sensor] = 1)
105,BeerSystem_Equipment Proof Exists,BeerSystem,Equipment Proof Exists,Boolean,No,([run sensor] IS NOT NULL)
106,Boiler_Equipment Operating,Boiler,Equipment Operating,Boolean,Yes,([valve sensor] = 1)
107,Boiler_Failed Sensor - Leaving Water Temp,Boiler,Failed Sensor - Leaving Water Temp,Boolean,No,([leaving water temp sensor] < 40 OR [leaving water temp sensor] > 210)
108,Boiler_Leaving Water Temp Exists,Boiler,Leaving Water Temp Exists,Boolean,No,([leaving water temp sensor] IS NOT NULL)
109,Boiler_Leaving Water Temperature Too Cold,Boiler,Leaving Water Temperature Too Cold,Boolean,No,([leaving water temp sensor] < 140)
110,Boiler_Leaving Water Temperature Too Hot,Boiler,Leaving Water Temperature Too Hot,Boolean,No,([leaving water temp sensor] > 190)
111,Boiler_Valve Exists,Boiler,Valve Exists,Boolean,No,([valve sensor] IS NOT NULL)
112,ChilledWaterPlant_Bypass Flow,ChilledWaterPlant,Bypass Flow,Boolean,No,([chilled water bypass flow sensor] > 10)
113,ChilledWaterPlant_Bypass Flow Exists,ChilledWaterPlant,Bypass Flow Exists,Boolean,No,([chilled water bypass flow sensor] IS NOT NULL)
114,ChilledWaterPlant_Bypass Valve Commanded Closed,ChilledWaterPlant,Bypass Valve Commanded Closed,Boolean,No,([chilled water bypass valve cmd] < 5)
115,ChilledWaterPlant_Bypass Valve Commanded Open,ChilledWaterPlant,Bypass Valve Commanded Open,Boolean,No,([chilled water bypass valve cmd] > 5)
116,ChilledWaterPlant_Bypass Valve Proof Closed,ChilledWaterPlant,Bypass Valve Proof Closed,Boolean,No,([chilled water bypass valve sensor] < 5 OR [chilled water bypass flow sensor] < 10)
117,ChilledWaterPlant_Bypass Valve Proof Exists,ChilledWaterPlant,Bypass Valve Proof Exists,Boolean,No,([chilled water bypass valve sensor] IS NOT NULL)
118,ChilledWaterPlant_Bypass Valve Proof Open,ChilledWaterPlant,Bypass Valve Proof Open,Boolean,No,([chilled water bypass valve sensor] > 5)
119,ChilledWaterPlant_Bypass Valve Stuck Closed - Controls,ChilledWaterPlant,Bypass Valve Stuck Closed - Controls,Boolean,No,"([chilled water bypass flow sensor] < 10) AND [chilled water bypass valve cmd] > 20 AND [chilled water bypass valve sensor] < 10 "
120,ChilledWaterPlant_Bypass Valve Stuck Closed - Mechanical,ChilledWaterPlant,Bypass Valve Stuck Closed - Mechanical,Boolean,No,"([chilled water bypass flow sensor] > 10) AND [chilled water bypass valve cmd] > 20 AND [chilled water bypass valve sensor] < 10 "
121,ChilledWaterPlant_Bypass Valve Stuck Open - Controls,ChilledWaterPlant,Bypass Valve Stuck Open - Controls,Boolean,No,([chilled water bypass flow sensor] > 10) AND [chilled water bypass valve cmd] < 5 AND [chilled water bypass valve sensor] < 30
122,ChilledWaterPlant_Bypass Valve Stuck Open - Mechanical,ChilledWaterPlant,Bypass Valve Stuck Open - Mechanical,Boolean,No,"([chilled water bypass flow sensor] > 10) AND [chilled water bypass valve cmd] > 90 AND [chilled water bypass valve sensor] < 90 "
123,ChilledWaterPlant_Chilled Water DP Control Error,ChilledWaterPlant,Chilled Water DP Control Error,Numeric,Yes,"(COALESCE([chilled water delta pressure sensor],[chilled water delta pressure sensor 1]+[chilled water delta pressure sensor 2]/2.0) - COALESCE([chilled water delta pressure sp],[chilled water delta pressure sp 1]+[chilled water delta pressure sp 2]/2.0))"
124,ChilledWaterPlant_Chilled Water DP Exists,ChilledWaterPlant,Chilled Water DP Exists,Boolean,No,([chilled water delta pressure sensor] IS NOT NULL OR [chilled water delta pressure sensor 1] IS NOT NULL OR [chilled water delta pressure sensor 2] IS NOT NULL)
125,ChilledWaterPlant_Chilled Water DP Reading,ChilledWaterPlant,Chilled Water DP Reading,Numeric,No,"(COALESCE([chilled water delta pressure sensor],[chilled water delta pressure sensor 1]+[chilled water delta pressure sensor 2]/2.0))"
126,ChilledWaterPlant_Chilled Water DP Setpoint,ChilledWaterPlant,Chilled Water DP Setpoint,Numeric,No,"(COALESCE([chilled water delta pressure sp],[chilled water delta pressure sp 1]+[chilled water delta pressure sp 2]/2.0))"
127,ChilledWaterPlant_Chilled Water DP SP Too High,ChilledWaterPlant,Chilled Water DP SP Too High,Boolean,No,[chilled water delta pressure sp] > 10 OR [chilled water delta pressure sp 1] > 10 OR [chilled water delta pressure sp 2] > 10
128,ChilledWaterPlant_Chilled Water DT Too Low,ChilledWaterPlant,Chilled Water DT Too Low,Boolean,No,([chilled water entering temp sensor] - [chilled water leaving temp sensor] < 5)
129,ChilledWaterPlant_Chilled Water Entering Temp Exists,ChilledWaterPlant,Chilled Water Entering Temp Exists,Boolean,No,([chilled water entering temp sensor] IS NOT NULL)
130,ChilledWaterPlant_Chilled Water Leaving Temp Control Error,ChilledWaterPlant,Chilled Water Leaving Temp Control Error,Numeric,Yes,(CASE WHEN [chilled water leaving temp sensor] - [chilled water leaving temp high limit sp] > 0 THEN [chilled water leaving temp sensor] - [chilled water leaving temp high limit sp] WHEN [chilled water leaving temp sensor] - [chilled water leaving temp high limit sp] <= 0 THEN 0.0 ELSE NULL END)
131,ChilledWaterPlant_Chilled Water Leaving Temp Exists,ChilledWaterPlant,Chilled Water Leaving Temp Exists,Boolean,No,([chilled water leaving temp sensor] IS NOT NULL)
132,ChilledWaterPlant_Chilled Water Leaving Temp Reading,ChilledWaterPlant,Chilled Water Leaving Temp Reading,Numeric,No,([chilled water leaving temp sensor])
133,ChilledWaterPlant_Chilled Water Leaving Temp Setpoint,ChilledWaterPlant,Chilled Water Leaving Temp Setpoint,Numeric,No,([chilled water leaving temp high limit sp])
134,ChilledWaterPlant_Chilled Water Leaving Temp SP Exists,ChilledWaterPlant,Chilled Water Leaving Temp SP Exists,Boolean,No,([chilled water leaving temp high limit sp] IS NOT NULL)
135,ChilledWaterPlant_Chilled Water Temp SP Too Cold,ChilledWaterPlant,Chilled Water Temp SP Too Cold,Boolean,No,([chilled water leaving temp high limit sp] < 44)
136,ChilledWaterPlant_Condenser Water DT Too Low,ChilledWaterPlant,Condenser Water DT Too Low,Boolean,No,([condenser water leaving temp sensor] - [condenser water entering temp sensor] < 5)
137,ChilledWaterPlant_Condenser Water Entering Temp Exists,ChilledWaterPlant,Condenser Water Entering Temp Exists,Boolean,No,([condenser water entering temp sensor] IS NOT NULL)
138,ChilledWaterPlant_Condenser Water Leaving Temp Exists,ChilledWaterPlant,Condenser Water Leaving Temp Exists,Boolean,No,([condenser water leaving temp sensor] IS NOT NULL)
139,ChilledWaterPlant_Equipment Operating,ChilledWaterPlant,Equipment Operating,Boolean,Yes,([chilled water delta pressure sp] > 5 OR [chilled water delta pressure sp 1] > 5 OR [chilled water delta pressure sp 2] > 5)
140,ChilledWaterPlant_Failed Sensor - Bypass Flow,ChilledWaterPlant,Failed Sensor - Bypass Flow,Boolean,No,([chilled water bypass flow sensor] < -100 OR [chilled water bypass flow sensor] > 2500)
141,ChilledWaterPlant_Failed Sensor - Chilled Water Entering Temp,ChilledWaterPlant,Failed Sensor - Chilled Water Entering Temp,Boolean,No,([chilled water entering temp sensor] < 30 OR [chilled water entering temp sensor] > 90)
142,ChilledWaterPlant_Failed Sensor - Chilled Water Leaving Temp,ChilledWaterPlant,Failed Sensor - Chilled Water Leaving Temp,Boolean,No,([chilled water leaving temp sensor] < 30 OR [chilled water leaving temp sensor] > 90)
143,ChilledWaterPlant_No Bypass Flow,ChilledWaterPlant,No Bypass Flow,Boolean,No,([chilled water bypass flow sensor] < 10)
144,Chiller_Chilled Water DT Too Low,Chiller,Chilled Water DT Too Low,Boolean,No,([chilled water entering temp sensor] - [chilled water leaving temp sensor] < 3)
145,Chiller_Chilled Water Entering Temp Exists,Chiller,Chilled Water Entering Temp Exists,Boolean,No,([chilled water entering temp sensor] IS NOT NULL)
146,Chiller_Chilled Water Iso Valve Commanded Closed,Chiller,Chilled Water Iso Valve Commanded Closed,Boolean,No,([chilled water valve isolation cmd] = 0)
147,Chiller_Chilled Water Iso Valve Commanded Open,Chiller,Chilled Water Iso Valve Commanded Open,Boolean,No,([chilled water valve isolation cmd] = 1)
148,Chiller_Chilled Water Iso Valve Proof Closed,Chiller,Chilled Water Iso Valve Proof Closed,Boolean,No,([chilled water valve isolation sensor] = 0)
149,Chiller_Chilled Water Iso Valve Proof Open,Chiller,Chilled Water Iso Valve Proof Open,Boolean,No,([chilled water valve isolation sensor] = 1)
150,Chiller_Chilled Water Isolation Valve Exists,Chiller,Chilled Water Isolation Valve Exists,Boolean,No,([chilled water valve isolation cmd] IS NOT NULL AND [chilled water valve isolation sensor] IS NOT NULL)
151,Chiller_Chilled Water Leaving Temp Control Error,Chiller,Chilled Water Leaving Temp Control Error,Numeric,Yes,([chilled water leaving temp sensor] - [chilled water leaving temp sp])
152,Chiller_Chilled Water Leaving Temp Exists,Chiller,Chilled Water Leaving Temp Exists,Boolean,No,([chilled water leaving temp sensor] IS NOT NULL)
153,Chiller_Chilled Water Leaving Temp Reading,Chiller,Chilled Water Leaving Temp Reading,Numeric,No,([chilled water leaving temp sensor])
154,Chiller_Chilled Water Leaving Temp Setpoint,Chiller,Chilled Water Leaving Temp Setpoint,Numeric,No,([chilled water leaving temp sp])
155,Chiller_Chilled Water Leaving Temp SP Exists,Chiller,Chilled Water Leaving Temp SP Exists,Boolean,No,([chilled water leaving temp sp] IS NOT NULL)
156,Chiller_Condenser Water Entering Temp Exists,Chiller,Condenser Water Entering Temp Exists,Boolean,No,([condenser water entering temp sensor] IS NOT NULL)
157,Chiller_Condenser Water Leaving Temp Exists,Chiller,Condenser Water Leaving Temp Exists,Boolean,No,([condenser water leaving temp sensor] IS NOT NULL)
158,Chiller_Equipment Not Operating,Chiller,Equipment Not Operating,Boolean,No,"(COALESCE([run sensor],[run cmd]) IS NOT NULL AND (([run sensor] = 0 OR [run sensor] IS NULL) AND ([run cmd] = 0 OR [run cmd] IS NULL)))"
159,Chiller_Equipment Operating,Chiller,Equipment Operating,Boolean,Yes,([run cmd] = 1 OR [run sensor] = 1)
160,Chiller_Failed Sensor - Chilled Water Entering Temp,Chiller,Failed Sensor - Chilled Water Entering Temp,Boolean,No,([chilled water entering temp sensor] < 30 OR [chilled water entering temp sensor] > 90)
161,Chiller_Failed Sensor - Chilled Water Leaving Temp,Chiller,Failed Sensor - Chilled Water Leaving Temp,Boolean,No,([chilled water leaving temp sensor] < 30 OR [chilled water leaving temp sensor] > 90)
162,Chiller_Failed Sensor - Condenser Water Entering Temp,Chiller,Failed Sensor - Condenser Water Entering Temp,Boolean,No,([condenser water entering temp sensor] < 40 OR [condenser water entering temp sensor] > 100)
163,Chiller_Failed Sensor - Condenser Water Leaving Temp,Chiller,Failed Sensor - Condenser Water Leaving Temp,Boolean,No,([condenser water leaving temp sensor] < 40 OR [condenser water leaving temp sensor] > 100)
164,Chiller_Over Cooling,Chiller,Over Cooling,Boolean,No,([chilled water leaving temp sp] - [chilled water leaving temp sensor] > 3)
165,Chiller_Under Cooling,Chiller,Under Cooling,Boolean,No,([chilled water leaving temp sensor] - [chilled water leaving temp sp] > 3)
166,Cooler_Equipment Operating,Cooler,Equipment Operating,Boolean,Yes,([zone air temp sensor] < 50)
167,Cooler_Failed Sensor - Zone Air Temp,Cooler,Failed Sensor - Zone Air Temp,Boolean,No,([zone air temp sensor] < 10 OR [zone air temp sensor] > 80)
168,Cooler_Zone Air Temp Exists,Cooler,Zone Air Temp Exists,Boolean,No,([zone air temp sensor] IS NOT NULL)
169,CoolingTower_Condenser Water Entering Iso Valve Closed,CoolingTower,Condenser Water Entering Iso Valve Closed,Boolean,No,"(COALESCE([condenser water entering isolation valve cmd],[condenser water entering isolation valve sensor]) IS NOT NULL AND (([condenser water entering isolation valve cmd] = 0 OR [condenser water entering isolation valve cmd] IS NULL) AND ([condenser water entering isolation valve sensor] = 0 OR [condenser water entering isolation valve sensor] IS NULL)))"
170,CoolingTower_Condenser Water Entering Iso Valve Exists,CoolingTower,Condenser Water Entering Iso Valve Exists,Boolean,No,([condenser water entering isolation valve sensor] IS NOT NULL)
171,CoolingTower_Condenser Water Entering Iso Valve Open,CoolingTower,Condenser Water Entering Iso Valve Open,Boolean,No,([condenser water entering isolation valve cmd] = 1 OR [condenser water entering isolation valve sensor] = 1)
172,CoolingTower_Condenser Water Entering Isolation Valve Commanded Closed,CoolingTower,Condenser Water Entering Isolation Valve Commanded Closed,Boolean,No,([condenser water entering isolation valve cmd] = 0)
173,CoolingTower_Condenser Water Entering Isolation Valve Commanded Open,CoolingTower,Condenser Water Entering Isolation Valve Commanded Open,Boolean,No,([condenser water entering isolation valve cmd] = 1)
174,CoolingTower_Condenser Water Entering Isolation Valve Proof Closed,CoolingTower,Condenser Water Entering Isolation Valve Proof Closed,Boolean,No,([condenser water entering isolation valve sensor] = 0)
175,CoolingTower_Condenser Water Entering Isolation Valve Proof Exists,CoolingTower,Condenser Water Entering Isolation Valve Proof Exists,Boolean,No,([condenser water entering isolation valve sensor] IS NOT NULL)
176,CoolingTower_Condenser Water Entering Isolation Valve Proof Open,CoolingTower,Condenser Water Entering Isolation Valve Proof Open,Boolean,No,([condenser water entering isolation valve sensor] = 1)
177,CoolingTower_Condenser Water Leaving Iso Valve Closed,CoolingTower,Condenser Water Leaving Iso Valve Closed,Boolean,No,"(COALESCE([condenser water leaving isolation valve cmd],[condenser water leaving isolation valve sensor]) IS NOT NULL AND (([condenser water leaving isolation valve cmd] = 0 OR [condenser water leaving isolation valve cmd] IS NULL) AND ([condenser water leaving isolation valve sensor] = 0 OR [condenser water leaving isolation valve sensor] IS NULL)))"
178,CoolingTower_Condenser Water Leaving Iso Valve Exists,CoolingTower,Condenser Water Leaving Iso Valve Exists,Boolean,No,([condenser water leaving isolation valve sensor] IS NOT NULL)
179,CoolingTower_Condenser Water Leaving Iso Valve Open,CoolingTower,Condenser Water Leaving Iso Valve Open,Boolean,No,([condenser water leaving isolation valve cmd] = 1 OR [condenser water leaving isolation valve sensor] = 1)
180,CoolingTower_Condenser Water Leaving Isolation Valve Commanded Closed,CoolingTower,Condenser Water Leaving Isolation Valve Commanded Closed,Boolean,No,([condenser water leaving isolation valve cmd] = 0)
181,CoolingTower_Condenser Water Leaving Isolation Valve Commanded Open,CoolingTower,Condenser Water Leaving Isolation Valve Commanded Open,Boolean,No,([condenser water leaving isolation valve cmd] =1)
182,CoolingTower_Condenser Water Leaving Isolation Valve Proof Closed,CoolingTower,Condenser Water Leaving Isolation Valve Proof Closed,Boolean,No,([condenser water leaving isolation valve sensor] = 0)
183,CoolingTower_Condenser Water Leaving Isolation Valve Proof Exists,CoolingTower,Condenser Water Leaving Isolation Valve Proof Exists,Boolean,No,([condenser water leaving isolation valve sensor] IS NOT NULL)
184,CoolingTower_Condenser Water Leaving Isolation Valve Proof Open,CoolingTower,Condenser Water Leaving Isolation Valve Proof Open,Boolean,No,([condenser water leaving isolation valve sensor] = 1)
185,CoolingTower_Equipment Not Operating,CoolingTower,Equipment Not Operating,Boolean,No,"(COALESCE([run cmd],[run sensor]) IS NOT NULL AND (([run cmd] = 0 OR [run cmd] IS NULL) AND ([run sensor] = 0 OR [run sensor] IS NULL)))"
186,CoolingTower_Equipment Operating,CoolingTower,Equipment Operating,Boolean,Yes,([run cmd] = 1 OR [run sensor] = 1)
187,CoolingTower_Fan Commanded Off,CoolingTower,Fan Commanded Off,Boolean,No,([run cmd] = 0)
188,CoolingTower_Fan Commanded On,CoolingTower,Fan Commanded On,Boolean,No,([run cmd] = 1)
189,CoolingTower_Fan Proof Exists,CoolingTower,Fan Proof Exists,Boolean,No,([run sensor] IS NOT NULL)
190,CoolingTower_Fan Proof Off,CoolingTower,Fan Proof Off,Boolean,No,([run sensor] = 0)
191,CoolingTower_Fan Proof On,CoolingTower,Fan Proof On,Boolean,No,([run sensor] = 1)
192,Crac_Discharge Air Temp Control Error,Crac,Discharge Air Temp Control Error,Numeric,Yes,([discharge air temp sensor] - [discharge air temp sp])
193,Crac_Discharge Air Temp Exists,Crac,Discharge Air Temp Exists,Boolean,No,([discharge air temp sensor] IS NOT NULL)
194,Crac_Discharge Air Temp Reading,Crac,Discharge Air Temp Reading,Numeric,No,([discharge air temp sensor])
195,Crac_Discharge Air Temp Setpoint,Crac,Discharge Air Temp Setpoint,Numeric,No,([discharge air temp sp])
196,Crac_Discharge Air Temp SP Exists,Crac,Discharge Air Temp SP Exists,Boolean,No,([discharge air temp sp] IS NOT NULL)
197,Crac_Discharge Air Temp Too Cold,Crac,Discharge Air Temp Too Cold,Boolean,No,([discharge air temp sp] - [discharge air temp sensor] > 2)
198,Crac_Discharge Air Temp Too Hot,Crac,Discharge Air Temp Too Hot,Boolean,No,([discharge air temp sensor] - [discharge air temp sp] > 2)
199,Crac_Equipment Operating,Crac,Equipment Operating,Boolean,Yes,([discharge air temp sensor] = [discharge air temp sensor] or [discharge air temp sensor] is null)
200,Crac_Failed Sensor - Discharge Air Temp,Crac,Failed Sensor - Discharge Air Temp,Boolean,No,([discharge air temp sensor] < 0 OR [discharge air temp sensor] > 120)
201,Crac_Failed Sensor - Return Air Temp,Crac,Failed Sensor - Return Air Temp,Boolean,No,([return air temp sensor] < 0 OR [return air temp sensor] > 120)
202,Crac_Return Air Temp Exists,Crac,Return Air Temp Exists,Boolean,No,([return air temp sensor] IS NOT NULL)
203,Damper_Damper Commanded Closed,Damper,Damper Commanded Closed,Boolean,No,([discharge air damper cmd] = 0)
204,Damper_Damper Commanded Open,Damper,Damper Commanded Open,Boolean,No,([discharge air damper cmd] = 1)
205,Damper_Damper Proof Closed,Damper,Damper Proof Closed,Boolean,No,([discharge air damper open sensor] = 0 OR [discharge air damper close sensor] = 1)
206,Damper_Damper Proof Exists,Damper,Damper Proof Exists,Boolean,No,([discharge air damper open sensor] IS NOT NULL OR [discharge air damper close sensor] IS NOT NULL)
207,Damper_Damper Proof Open,Damper,Damper Proof Open,Boolean,No,([discharge air damper open sensor] = 1 OR [discharge air damper close sensor] = 0)
208,Damper_Equipment Operating,Damper,Equipment Operating,Boolean,Yes,([discharge air damper cmd] = 1 OR [discharge air damper open sensor] = 1 OR [discharge air damper close sensor] = 0)
209,Fan_Building Static Pressure Exists,Fan,Building Static Pressure Exists,Boolean,No,([building air delta pressure sensor] IS NOT NULL)
210,Fan_CO Exists,Fan,CO Exists,Boolean,No,([co sensor] IS NOT NULL)
211,Fan_Command or Proof Exist,Fan,Command or Proof Exist,Boolean,No,([run cmd] IS NOT NULL OR [run sensor] IS NOT NULL)
212,Fan_Delta Pressure Control Error,Fan,Delta Pressure Control Error,Numeric,Yes,([delta pressure sensor] - [delta pressure sp])
213,Fan_Delta Pressure Exists,Fan,Delta Pressure Exists,Boolean,No,([delta pressure sensor] IS NOT NULL)
214,Fan_Delta Pressure Reading,Fan,Delta Pressure Reading,Numeric,No,([delta pressure sensor])
215,Fan_Delta Pressure Setpoint,Fan,Delta Pressure Setpoint,Numeric,No,([delta pressure sp])
216,Fan_Delta Pressure SP Exists,Fan,Delta Pressure SP Exists,Boolean,No,([delta pressure sp] IS NOT NULL)
217,Fan_Discharge Air Temp Exists,Fan,Discharge Air Temp Exists,Boolean,No,([discharge air temp sensor] IS NOT NULL)
218,Fan_Equipment Operating,Fan,Equipment Operating,Boolean,Yes,([run cmd] = 1 OR [run sensor] = 1 OR [speed cmd] > 5 OR [discharge air fan low run cmd] = 1 OR [discharge air fan med run cmd] = 1 OR [discharge air fan high run cmd] = 1)
219,Fan_Failed Sensor - Building Static Pressure,Fan,Failed Sensor - Building Static Pressure,Boolean,No,([building air delta pressure sensor] > 0.15 OR [building air delta pressure sensor] < -0.15)
220,Fan_Failed Sensor - CO,Fan,Failed Sensor - CO,Boolean,No,([co sensor] < 0 OR [co sensor] > 1000)
221,Fan_Failed Sensor - Delta Pressure,Fan,Failed Sensor - Delta Pressure,Boolean,No,([delta pressure sensor] > 0.5 OR [delta pressure sensor] < -0.5)
222,Fan_Failed Sensor - Discharge Air Temp,Fan,Failed Sensor - Discharge Air Temp,Boolean,No,([discharge air temp sensor] < 0 OR [discharge air temp sensor] > 120)
223,Fan_Failed Sensor - Outside Air Temp,Fan,Failed Sensor - Outside Air Temp,Boolean,No,([outside air temp sensor] < 0 OR [outside air temp sensor] > 120)
224,Fan_Failed Sensor - Static Pressure,Fan,Failed Sensor - Static Pressure,Boolean,No,([static pressure sensor] < -0.5 OR [static pressure sensor] > 6)
225,Fan_Failed Sensor - Zone Air Temp,Fan,Failed Sensor - Zone Air Temp,Boolean,No,([zone air temp sensor] < 0 OR [zone air temp sensor 1] < 0 OR [zone air temp sensor 2] < 0 OR [zone air temp sensor]  > 120 OR [zone air temp sensor 1]  > 120 OR [zone air temp sensor 2] > 120)
226,Fan_Fan Commanded Off,Fan,Fan Commanded Off,Boolean,No,"(COALESCE([run cmd],[speed cmd],[discharge air fan low run cmd],[discharge air fan med run cmd],[discharge air fan high run cmd]) IS NOT NULL AND (([run cmd] = 0 OR [run cmd] IS NULL) AND ([speed cmd] < 5 OR [speed cmd] IS NULL) AND ([discharge air fan low run cmd] = 0 OR [discharge air fan low run cmd] IS NULL) AND ([discharge air fan med run cmd] = 0 OR [discharge air fan med run cmd] IS NULL) AND ([discharge air fan high run cmd] = 0 OR [discharge air fan high run cmd] IS NULL)))"
227,Fan_Fan Commanded On,Fan,Fan Commanded On,Boolean,No,([run cmd] = 1 OR [speed cmd] > 5 OR [discharge air fan low run cmd] = 1 OR [discharge air fan med run cmd] = 1 OR [discharge air fan high run cmd] = 1)
228,Fan_Fan Proof Exists,Fan,Fan Proof Exists,Boolean,No,([run sensor] IS NOT NULL)
229,Fan_Fan Proof Off,Fan,Fan Proof Off,Boolean,No,([run sensor] = 0)
230,Fan_Fan Proof On,Fan,Fan Proof On,Boolean,No,([run sensor] = 1)
231,Fan_Fan Speed Above Minimum,Fan,Fan Speed Above Minimum,Boolean,No,([speed cmd] > 35 OR [discharge air fan med run cmd] = 1 OR [discharge air fan high run cmd] = 1)
232,Fan_Fan Speed Below Maximum,Fan,Fan Speed Below Maximum,Boolean,No,([speed cmd] < 95 OR [discharge air fan low run cmd] = 1 OR [discharge air fan med run cmd] = 1)
233,Fan_Outside Air Temp Exists,Fan,Outside Air Temp Exists,Boolean,No,([outside air temp sensor] IS NOT NULL)
234,Fan_Over Pressurized,Fan,Over Pressurized,Boolean,No,([delta pressure sensor] - [delta pressure sp] > 0.15 OR [static pressure sensor] - [static pressure sp] > 0.15)
235,Fan_Static Pressure Control Error,Fan,Static Pressure Control Error,Numeric,Yes,([static pressure sensor] - [static pressure sp])
236,Fan_Static Pressure Exists,Fan,Static Pressure Exists,Boolean,No,([static pressure sensor] IS NOT NULL)
237,Fan_Static Pressure Reading,Fan,Static Pressure Reading,Numeric,No,([static pressure sensor])
238,Fan_Static Pressure Setpoint,Fan,Static Pressure Setpoint,Numeric,No,([static pressure sp])
239,Fan_Static Pressure SP Exists,Fan,Static Pressure SP Exists,Boolean,No,([static pressure sp] IS NOT NULL)
240,Fan_Under Pressurized,Fan,Under Pressurized,Boolean,No,([delta pressure sp] - [delta pressure sensor] > 0.15 OR [static pressure sp] - [static pressure sensor] > 0.15)
241,Fan_Unoccupied Hours,Fan,Unoccupied Hours,Boolean,No,([occupancy indicator sensor] = 1)
242,Fan_Zone Air Temp Control Error,Fan,Zone Air Temp Control Error,Numeric,Yes,"(COALESCE([zone air temp sensor],[zone air temp sensor 1]+[zone air temp sensor 2]/2.0) - COALESCE([zone air temp effective sp],[zone air temp sp],COALESCE([zone air temp cooling sp],[zone air temp occ cooling sp])+COALESCE([zone air temp heating sp],[zone air temp occ heating sp])/2.0))"
243,Fan_Zone Air Temp Exists,Fan,Zone Air Temp Exists,Boolean,No,([zone air temp sensor] IS NOT NULL OR [zone air temp sensor 1] IS NOT NULL OR [zone air temp sensor 2] IS NOT NULL)
244,Fan_Zone Air Temp Reading,Fan,Zone Air Temp Reading,Numeric,No,"(COALESCE([zone air temp sensor],[zone air temp sensor 1]+[zone air temp sensor 2]/2.0))"
245,Fan_Zone Air Temp Setpoint,Fan,Zone Air Temp Setpoint,Numeric,No,"(COALESCE([zone air temp effective sp],[zone air temp sp],COALESCE([zone air temp cooling sp],[zone air temp occ cooling sp])+COALESCE([zone air temp heating sp],[zone air temp occ heating sp])/2.0))"
246,Fan_Zone Air Temp SP Exists,Fan,Zone Air Temp SP Exists,Boolean,No,([zone air temp sp] IS NOT NULL OR [zone air temp effective sp] IS NOT NULL OR [zone air temp cooling sp] IS NOT NULL OR [zone air temp occ cooling sp] IS NOT NULL)
247,Fan_Zone Air Temp Too Cold,Fan,Zone Air Temp Too Cold,Boolean,No,"(COALESCE([zone air temp sp],[zone air temp effective sp],[zone air temp cooling sp],[zone air temp occ cooling sp]) - [zone air temp sensor] > 3 OR COALESCE([zone air temp sp],[zone air temp effective sp],[zone air temp cooling sp],[zone air temp occ cooling sp]) - [zone air temp sensor 1] > 3 OR COALESCE([zone air temp sp],[zone air temp effective sp],[zone air temp cooling sp],[zone air temp occ cooling sp]) - [zone air temp sensor 2] > 3)"
248,Fan_Zone Air Temp Too Hot,Fan,Zone Air Temp Too Hot,Boolean,No,"([zone air temp sensor] - COALESCE([zone air temp sp],[zone air temp effective sp],[zone air temp cooling sp],[zone air temp occ cooling sp]) > 3 OR [zone air temp sensor 1] - COALESCE([zone air temp sp],[zone air temp effective sp],[zone air temp cooling sp],[zone air temp occ cooling sp]) > 3 OR [zone air temp sensor 2] - COALESCE([zone air temp sp],[zone air temp effective sp],[zone air temp cooling sp],[zone air temp occ cooling sp]) > 3)"
249,FanCoilUnit_Command or Proof Exist,FanCoilUnit,Command or Proof Exist,Boolean,No,([discharge air fan run sensor] IS NOT NULL OR [discharge air fan run sensor 1] IS NOT NULL OR [discharge air fan run sensor 2] IS NOT NULL OR [discharge air fan run cmd] IS NOT NULL OR [discharge air fan low run cmd] IS NOT NULL OR [discharge air fan med run cmd] IS NOT NULL OR [discharge air fan high run cmd] IS NOT NULL OR [run cmd] IS NOT NULL OR [discharge air fan speed cmd] IS NOT NULL)
250,FanCoilUnit_Cooling Commanded Off,FanCoilUnit,Cooling Commanded Off,Boolean,No,([cooling water valve cmd] < 10)
251,FanCoilUnit_Cooling Commanded On,FanCoilUnit,Cooling Commanded On,Boolean,No,([cooling water valve sensor] > 50 OR [cooling water valve cmd] > 50)
252,FanCoilUnit_Cooling Proof Exists,FanCoilUnit,Cooling Proof Exists,Boolean,No,([cooling water valve sensor] IS NOT NULL OR ([zone air temp sensor] IS NOT NULL AND [discharge air temp sensor] IS NOT NULL))
253,FanCoilUnit_Cooling Proof Off,FanCoilUnit,Cooling Proof Off,Boolean,No,([cooling water valve sensor] < 10 OR [discharge air temp sensor] > [zone air temp sensor] - 2)
254,FanCoilUnit_Cooling Proof On,FanCoilUnit,Cooling Proof On,Boolean,No,([cooling water valve sensor] > 10 OR [zone air temp sensor] - [discharge air temp sensor] > 2)
255,FanCoilUnit_Discharge Air Temp Control Error,FanCoilUnit,Discharge Air Temp Control Error,Numeric,Yes,"(CASE WHEN [discharge air temp heating sp] IS NOT NULL AND COALESCE([heat stage cmd],[heating water valve sp]) > 2 THEN [discharge air temp sensor] - [discharge air temp heating sp] ELSE [discharge air temp sensor] - [discharge air temp sp] END)"
256,FanCoilUnit_Discharge Air Temp Exists,FanCoilUnit,Discharge Air Temp Exists,Boolean,No,([discharge air temp sensor] IS NOT NULL)
257,FanCoilUnit_Discharge Air Temp Reading,FanCoilUnit,Discharge Air Temp Reading,Numeric,No,([discharge air temp sensor])
258,FanCoilUnit_Discharge Air Temp Setpoint,FanCoilUnit,Discharge Air Temp Setpoint,Numeric,No,"(CASE WHEN [discharge air temp heating sp] IS NOT NULL AND COALESCE([heat stage cmd],[heating water valve sp]) > 2 THEN [discharge air temp heating sp] ELSE [discharge air temp sp] END)"
259,FanCoilUnit_Discharge Air Temp SP Exists,FanCoilUnit,Discharge Air Temp SP Exists,Boolean,No,([discharge air temp sp] IS NOT NULL)
260,FanCoilUnit_Discharge Air Temp Too Cold,FanCoilUnit,Discharge Air Temp Too Cold,Boolean,No,([discharge air temp sp] - [discharge air temp sensor] > 3)
261,FanCoilUnit_Discharge Air Temp Too Hot,FanCoilUnit,Discharge Air Temp Too Hot,Boolean,No,([discharge air temp sensor] - [discharge air temp sp] > 3)
262,FanCoilUnit_Equipment Not Operating,FanCoilUnit,Equipment Not Operating,Boolean,No,"(COALESCE([discharge air fan run sensor],[discharge air fan run sensor 1],[discharge air fan run sensor 2],[discharge air fan run cmd],[discharge air fan low run cmd],[discharge air fan med run cmd],[discharge air fan high run cmd],[run cmd],[discharge air fan speed cmd]) IS NOT NULL AND (([discharge air fan run sensor] = 0 OR [discharge air fan run sensor] IS NULL) AND ([discharge air fan run sensor 1] = 0 OR [discharge air fan run sensor 1] IS NULL) AND ([discharge air fan run sensor 2] = 0 OR [discharge air fan run sensor 2] IS NULL) AND ([discharge air fan run cmd] = 0 OR [discharge air fan run cmd] IS NULL) AND ([discharge air fan low run cmd] = 0 OR [discharge air fan low run cmd] IS NULL) AND ([discharge air fan med run cmd] = 0 OR [discharge air fan med run cmd] IS NULL) AND ([discharge air fan high run cmd] = 0 OR [discharge air fan high run cmd] IS NULL) AND ([run cmd] = 0 OR [run cmd] IS NULL) AND ([discharge air fan speed cmd] < 5 OR [discharge air fan speed cmd] IS NULL)))"
263,FanCoilUnit_Equipment Operating,FanCoilUnit,Equipment Operating,Boolean,Yes,([discharge air fan run sensor] = 1 OR [discharge air fan run sensor 1] = 1 OR [discharge air fan run sensor 2] = 1 OR [discharge air fan run cmd] = 1 OR [discharge air fan low run cmd] = 1 OR [discharge air fan med run cmd] = 1 OR [discharge air fan high run cmd] = 1 OR [run cmd] = 1 OR [discharge air fan speed cmd] > 30)
264,FanCoilUnit_Failed Sensor - Discharge Air Temp,FanCoilUnit,Failed Sensor - Discharge Air Temp,Boolean,No,([discharge air temp sensor] < 0 OR [discharge air temp sensor] > 120)
265,FanCoilUnit_Failed Sensor - Zone Air Temp,FanCoilUnit,Failed Sensor - Zone Air Temp,Boolean,No,([zone air temp sensor] < 0 OR [zone air temp sensor] > 120)
266,FanCoilUnit_Fan Commanded Off,FanCoilUnit,Fan Commanded Off,Boolean,No,"(COALESCE([discharge air fan run cmd],[discharge air fan low run cmd],[discharge air fan med run cmd],[discharge air fan high run cmd],[run cmd],[discharge air fan speed cmd]) IS NOT NULL AND (([discharge air fan run cmd] = 0 OR [discharge air fan run cmd] IS NULL) AND ([discharge air fan low run cmd] = 0 OR [discharge air fan low run cmd] IS NULL) AND ([discharge air fan med run cmd] = 0 OR [discharge air fan med run cmd] IS NULL) AND ([discharge air fan high run cmd] = 0 OR [discharge air fan high run cmd] IS NULL) AND ([run cmd] = 0 OR [run cmd] IS NULL) AND ([discharge air fan speed cmd] < 5 OR [discharge air fan speed cmd] IS NULL)))"
267,FanCoilUnit_Fan Commanded On,FanCoilUnit,Fan Commanded On,Boolean,No,([run cmd] = 1 OR [discharge air fan run cmd] = 1 OR [discharge air fan low run cmd] = 1 OR [discharge air fan med run cmd] = 1 OR [discharge air fan high run cmd] = 1)
268,FanCoilUnit_Fan Proof Exists,FanCoilUnit,Fan Proof Exists,Boolean,No,([discharge air fan run sensor] IS NOT NULL OR [discharge air fan run sensor 1] IS NOT NULL OR [discharge air fan run sensor 2] IS NOT NULL)
269,FanCoilUnit_Fan Proof Off,FanCoilUnit,Fan Proof Off,Boolean,No,"(COALESCE([discharge air fan run sensor],[discharge air fan run sensor 1],[discharge air fan run sensor 2]) IS NOT NULL AND (([discharge air fan run sensor] = 0 OR [discharge air fan run sensor] IS NULL) AND ([discharge air fan run sensor 1] = 0 OR [discharge air fan run sensor 1] IS NULL) AND ([discharge air fan run sensor 2] = 0 OR [discharge air fan run sensor 2] IS NULL)))"
270,FanCoilUnit_Fan Proof On,FanCoilUnit,Fan Proof On,Boolean,No,([discharge air fan run sensor] = 1 OR [discharge air fan run sensor 1] = 1 OR [discharge air fan run sensor 2] = 1)
271,FanCoilUnit_Mech Cooling Exists,FanCoilUnit,Mech Cooling Exists,Boolean,No,([cooling water valve sensor] IS NOT NULL OR [cooling water valve cmd] IS NOT NULL)
272,FanCoilUnit_Unoccupied Hours,FanCoilUnit,Unoccupied Hours,Boolean,No,([occupancy cmd] = 0 OR [occupancy indicator sensor] = 0)
273,FanCoilUnit_Zone Air Temp Control Error,FanCoilUnit,Zone Air Temp Control Error,Numeric,Yes,"([zone air temp sensor] - COALESCE([zone air temp effective sp],[zone air temp sp],([zone air temp occ cooling sp] + [zone air temp occ heating sp]) / 2.0))"
274,FanCoilUnit_Zone Air Temp Exists,FanCoilUnit,Zone Air Temp Exists,Boolean,No,([zone air temp sensor] IS NOT NULL)
275,FanCoilUnit_Zone Air Temp Reading,FanCoilUnit,Zone Air Temp Reading,Numeric,No,([zone air temp sensor])
276,FanCoilUnit_Zone Air Temp Setpoint,FanCoilUnit,Zone Air Temp Setpoint,Numeric,No,"(COALESCE([zone air temp effective sp],[zone air temp sp],([zone air temp occ cooling sp] + [zone air temp occ heating sp]) / 2.0))"
277,FanCoilUnit_Zone Air Temp SP Exists,FanCoilUnit,Zone Air Temp SP Exists,Boolean,No,([zone air temp sp] IS NOT NULL)
278,FanCoilUnit_Zone Air Temp SP Too Cold,FanCoilUnit,Zone Air Temp SP Too Cold,Boolean,No,[zone air temp sp] < 70
279,FanCoilUnit_Zone Air Temp Too Cold,FanCoilUnit,Zone Air Temp Too Cold,Boolean,No,([zone air temp sp] - [zone air temp sensor] > 3)
280,FanCoilUnit_Zone Air Temp Too Hot,FanCoilUnit,Zone Air Temp Too Hot,Boolean,No,([zone air temp sensor] - [zone air temp sp] > 3)
281,Freezer_Equipment Operating,Freezer,Equipment Operating,Boolean,Yes,([zone air temp sensor] < 50)
282,Freezer_Failed Sensor - Zone Air Temp,Freezer,Failed Sensor - Zone Air Temp,Boolean,No,([zone air temp sensor] < 10 OR [zone air temp sensor] > 60)
283,Freezer_Zone Air Temp Exists,Freezer,Zone Air Temp Exists,Boolean,No,([zone air temp sensor] IS NOT NULL)
284,HeatExchanger_Chilled Water Leaving Temp Control Error,HeatExchanger,Chilled Water Leaving Temp Control Error,Numeric,Yes,([chilled water leaving temp sensor] - [chilled water leaving temp sp])
285,HeatExchanger_Chilled Water Leaving Temp Exists,HeatExchanger,Chilled Water Leaving Temp Exists,Boolean,No,([chilled water leaving temp sensor] IS NOT NULL)
286,HeatExchanger_Chilled Water Leaving Temp Reading,HeatExchanger,Chilled Water Leaving Temp Reading,Numeric,No,([chilled water leaving temp sensor])
287,HeatExchanger_Chilled Water Leaving Temp Setpoint,HeatExchanger,Chilled Water Leaving Temp Setpoint,Numeric,No,([chilled water leaving temp sp])
288,HeatExchanger_Chilled Water Leaving Temp SP Exists,HeatExchanger,Chilled Water Leaving Temp SP Exists,Boolean,No,([chilled water leaving temp sp] IS NOT NULL)
289,HeatExchanger_Chilled Water Leaving Temp Too Cold,HeatExchanger,Chilled Water Leaving Temp Too Cold,Boolean,No,([chilled water leaving temp sp] - [chilled water leaving temp sensor] > 3)
290,HeatExchanger_Chilled Water Leaving Temp Too Hot,HeatExchanger,Chilled Water Leaving Temp Too Hot,Boolean,No,([chilled water leaving temp sensor] - [chilled water leaving temp sp] > 3)
291,HeatExchanger_Chilled Water Valve Open,HeatExchanger,Chilled Water Valve Open,Boolean,No,([chilled water valve cmd] > 5)
292,HeatExchanger_Chilled Water Valve Under Maximum,HeatExchanger,Chilled Water Valve Under Maximum,Boolean,No,([chilled water valve cmd] < 95)
293,HeatExchanger_Equipment Operating,HeatExchanger,Equipment Operating,Boolean,Yes,([chilled water valve cmd] > 5 OR [hot water valve sensor] > 5)
294,HeatExchanger_Failed Sensor - Chilled Water Leaving Temp,HeatExchanger,Failed Sensor - Chilled Water Leaving Temp,Boolean,No,([chilled water leaving temp sensor] < 32 OR [chilled water leaving temp sensor] > 212)
295,HeatExchanger_Failed Sensor - Hot Water Leaving Temp,HeatExchanger,Failed Sensor - Hot Water Leaving Temp,Boolean,No,([hot water leaving temp sensor] < 32 OR [hot water leaving temp sensor] > 212)
296,HeatExchanger_Failed Sensor - Return Water Temp,HeatExchanger,Failed Sensor - Return Water Temp,Boolean,No,([return temp sensor] < 32 OR [return temp sensor] > 212)
297,HeatExchanger_Hot Water Leaving Temp Control Error,HeatExchanger,Hot Water Leaving Temp Control Error,Numeric,Yes,([hot water leaving temp sensor] - [hot water leaving temp sp])
298,HeatExchanger_Hot Water Leaving Temp Exists,HeatExchanger,Hot Water Leaving Temp Exists,Boolean,No,([hot water leaving temp sensor] IS NOT NULL)
299,HeatExchanger_Hot Water Leaving Temp Reading,HeatExchanger,Hot Water Leaving Temp Reading,Numeric,No,([hot water leaving temp sensor])
300,HeatExchanger_Hot Water Leaving Temp Setpoint,HeatExchanger,Hot Water Leaving Temp Setpoint,Numeric,No,([hot water leaving temp sp])
301,HeatExchanger_Hot Water Leaving Temp SP Exists,HeatExchanger,Hot Water Leaving Temp SP Exists,Boolean,No,([hot water leaving temp sp] IS NOT NULL)
302,HeatExchanger_Hot Water Leaving Temp Too Cold,HeatExchanger,Hot Water Leaving Temp Too Cold,Boolean,No,([hot water leaving temp sp] - [hot water leaving temp sensor] > 3)
303,HeatExchanger_Hot Water Leaving Temp Too Hot,HeatExchanger,Hot Water Leaving Temp Too Hot,Boolean,No,([hot water leaving temp sensor] - [hot water leaving temp sp] > 3)
304,HeatExchanger_Hot Water Valve Open,HeatExchanger,Hot Water Valve Open,Boolean,No,([hot water valve sensor] > 5)
305,HeatExchanger_Hot Water Valve Under Maximum,HeatExchanger,Hot Water Valve Under Maximum,Boolean,No,([hot water valve sensor] < 95)
306,HeatExchanger_Return Water Temp Exists,HeatExchanger,Return Water Temp Exists,Boolean,No,([return temp sensor] IS NOT NULL)
307,HotWaterPlant_Equipment Operating,HotWaterPlant,Equipment Operating,Boolean,Yes,([hot water delta pressure sp 1] > 1 OR [hot water delta pressure sp 2] > 1 OR [hot water delta pressure sp 3] > 1 OR [hot water delta pressure sp 4] > 1 OR [run cmd] = 1)
308,HotWaterPlant_Hot Water DP SP Exists,HotWaterPlant,Hot Water DP SP Exists,Boolean,No,([hot water delta pressure sp 1] IS NOT NULL OR [hot water delta pressure sp 2] IS NOT NULL OR [hot water delta pressure sp 3] IS NOT NULL OR [hot water delta pressure sp 4] IS NOT NULL)
309,HotWaterPlant_Outside Air Temp Too Hot,HotWaterPlant,Outside Air Temp Too Hot,Boolean,No,[outside air temp sensor] > 75
310,HotWaterPlant_System Command or Proof Exist,HotWaterPlant,System Command or Proof Exist,Boolean,No,([hot water delta pressure sp 1] IS NOT NULL OR [hot water delta pressure sp 2] IS NOT NULL OR [hot water delta pressure sp 3] IS NOT NULL OR [hot water delta pressure sp 4] IS NOT NULL OR [run cmd] IS NOT NULL)
311,HotWaterPlant_System Over Pressurized,HotWaterPlant,System Over Pressurized,Boolean,No,([hot water delta pressure sp 1] > 10 OR [hot water delta pressure sp 2] > 10 OR [hot water delta pressure sp 3] > 10 OR [hot water delta pressure sp 4] > 10)
312,Hydrotherapy_Equipment Not Operating,Hydrotherapy,Equipment Not Operating,Boolean,No,"(COALESCE([run cmd],[discharge air fan run sensor]) IS NOT NULL AND (([run cmd] = 0 OR [run cmd] IS NULL) AND ([discharge air fan run sensor] = 0 OR [discharge air fan run sensor] IS NULL)))"
313,Hydrotherapy_Equipment Operating,Hydrotherapy,Equipment Operating,Boolean,Yes,([run cmd] = 1 OR [discharge air fan run sensor] = 1)
314,Hydrotherapy_Fan Commanded Off,Hydrotherapy,Fan Commanded Off,Boolean,No,([run cmd] = 0)
315,Hydrotherapy_Fan Commanded On,Hydrotherapy,Fan Commanded On,Boolean,No,([run cmd] = 1)
316,Hydrotherapy_Fan Proof Exists,Hydrotherapy,Fan Proof Exists,Boolean,No,([discharge air fan run sensor] IS NOT NULL)
317,Hydrotherapy_Fan Proof Off,Hydrotherapy,Fan Proof Off,Boolean,No,([discharge air fan run sensor] = 0)
318,Hydrotherapy_Fan Proof On,Hydrotherapy,Fan Proof On,Boolean,No,([discharge air fan run sensor] = 1)
319,Hydrotherapy_Heating Water Valve Commanded Closed,Hydrotherapy,Heating Water Valve Commanded Closed,Boolean,No,[heating water valve sp] < 5
320,Hydrotherapy_Heating Water Valve Commanded Open,Hydrotherapy,Heating Water Valve Commanded Open,Boolean,No,([heating water valve sp] > 30)
321,Hydrotherapy_Heating Water Valve Proof Closed,Hydrotherapy,Heating Water Valve Proof Closed,Boolean,No,([heating water valve sensor] < 5)
322,Hydrotherapy_Heating Water Valve Proof Exists,Hydrotherapy,Heating Water Valve Proof Exists,Boolean,No,([heating water valve sensor] IS NOT NULL)
323,Hydrotherapy_Heating Water Valve Proof Open,Hydrotherapy,Heating Water Valve Proof Open,Boolean,No,([heating water valve sensor] > 5)
324,Hydrotherapy_Mech Cooling Exists,Hydrotherapy,Mech Cooling Exists,Boolean,No,([chilled water valve sensor] IS NOT NULL)
325,Hydrotherapy_Mech Cooling Off,Hydrotherapy,Mech Cooling Off,Boolean,No,([chilled water valve sensor] < 5)
326,Hydrotherapy_Mech Cooling On,Hydrotherapy,Mech Cooling On,Boolean,No,([chilled water valve sensor] > 30)
327,Hydrotherapy_Mech Heating Exists,Hydrotherapy,Mech Heating Exists,Boolean,No,([heating water valve sensor] IS NOT NULL OR [heating water valve sp] IS NOT NULL)
328,Hydrotherapy_Mech Heating Off,Hydrotherapy,Mech Heating Off,Boolean,No,"(COALESCE([heating water valve sensor],[heating water valve sp]) IS NOT NULL AND (([heating water valve sensor] < 5 OR [heating water valve sensor] IS NULL) AND ([heating water valve sp] < 5 OR [heating water valve sp] IS NULL)))"
329,Hydrotherapy_Mech Heating On,Hydrotherapy,Mech Heating On,Boolean,No,([heating water valve sensor] > 5 OR [heating water valve sp] > 5)
330,LifeSafetyControlPanel_Equipment Operating,LifeSafetyControlPanel,Equipment Operating,Boolean,Yes,([zone air co sensor] = [zone air co sensor] OR [zone air co sensor] IS NULL)
331,LifeSafetyControlPanel_Failed Sensor - Zone Air CO,LifeSafetyControlPanel,Failed Sensor - Zone Air CO,Boolean,No,([zone air co sensor] > 1000 or [zone air co sensor] < 0)
332,LifeSafetyControlPanel_Zone Air CO Control Error,LifeSafetyControlPanel,Zone Air CO Control Error,Numeric,Yes,(CASE WHEN [zone air co sensor] - [zone air co sp] > 0 then [zone air co sensor] - [zone air co sp] ELSE 0.0 END)
333,LifeSafetyControlPanel_Zone Air CO Exists,LifeSafetyControlPanel,Zone Air CO Exists,Boolean,No,([zone air co sensor] IS NOT NULL)
334,LifeSafetyControlPanel_Zone Air CO Reading,LifeSafetyControlPanel,Zone Air CO Reading,Numeric,No,([zone air co sensor])
335,LifeSafetyControlPanel_Zone Air CO Setpoint,LifeSafetyControlPanel,Zone Air CO Setpoint,Numeric,No,([zone air co sp])
336,LifeSafetyControlPanel_Zone Air CO SP Exists,LifeSafetyControlPanel,Zone Air CO SP Exists,Boolean,No,([zone air co sp] IS NOT NULL)
337,LifeSafetyControlPanel_Zone Air CO Too High,LifeSafetyControlPanel,Zone Air CO Too High,Boolean,No,([zone air co sensor] - [zone air co sp] > 5)
338,Lighting_Equipment Operating,Lighting,Equipment Operating,Boolean,Yes,([percent] > 5)
339,Pump_Equipment Operating,Pump,Equipment Operating,Boolean,Yes,([run cmd] = 1 OR [run sensor] = 1)
340,Pump_Pump Commanded Off,Pump,Pump Commanded Off,Boolean,No,([run cmd] = 0)
341,Pump_Pump Commanded On,Pump,Pump Commanded On,Boolean,No,([run cmd] = 1)
342,Pump_Pump Failed,Pump,Pump Failed,Boolean,No,([run cmd] = 1 AND [run sensor] = 0)
343,Pump_Pump in Hand,Pump,Pump in Hand,Boolean,No,([run cmd] = 0 AND [run sensor] = 1)
344,Pump_Pump Proof Exists,Pump,Pump Proof Exists,Boolean,No,([run sensor] IS NOT NULL)
345,RooftopUnit_Equipment Operating,RooftopUnit,Equipment Operating,Boolean,Yes,([speed cmd] > 30)
346,RooftopUnit_Failed Sensor - Zone Air Temp,RooftopUnit,Failed Sensor - Zone Air Temp,Boolean,No,([zone air temp sensor] < 0 OR [zone air temp sensor] > 120)
347,RooftopUnit_Fan Speed Above Minimum,RooftopUnit,Fan Speed Above Minimum,Boolean,No,([speed cmd] > 35)
348,RooftopUnit_Fan Speed Below Maximum,RooftopUnit,Fan Speed Below Maximum,Boolean,No,([speed cmd] < 95)
349,RooftopUnit_Zone Air Temp Control Error,RooftopUnit,Zone Air Temp Control Error,Numeric,Yes,([zone air temp sensor] - [zone air temp sp])
350,RooftopUnit_Zone Air Temp Exists,RooftopUnit,Zone Air Temp Exists,Boolean,No,([zone air temp sensor] IS NOT NULL)
351,RooftopUnit_Zone Air Temp Reading,RooftopUnit,Zone Air Temp Reading,Numeric,No,([zone air temp sensor])
352,RooftopUnit_Zone Air Temp Setpoint,RooftopUnit,Zone Air Temp Setpoint,Numeric,No,([zone air temp sp])
353,RooftopUnit_Zone Air Temp SP Exists,RooftopUnit,Zone Air Temp SP Exists,Boolean,No,([zone air temp sp] IS NOT NULL)
354,RooftopUnit_Zone Air Temp Too Cold,RooftopUnit,Zone Air Temp Too Cold,Boolean,No,([zone air temp sp] - [zone air temp sensor] > 3)
355,RooftopUnit_Zone Air Temp Too Hot,RooftopUnit,Zone Air Temp Too Hot,Boolean,No,([zone air temp sensor] - [zone air temp sp] > 3)
356,VAV_Deficit Flow,VAV,Deficit Flow,Boolean,No,"([discharge air flow sp] - [discharge air flow sensor] > 100 AND [discharge air flow sensor] / NULLIF([discharge air flow sp],0) < 0.75)"
357,VAV_Discharge Air Damper Above Minimum,VAV,Discharge Air Damper Above Minimum,Boolean,No,([discharge air damper sensor] > 5)
358,VAV_Discharge Air Damper At Maximum,VAV,Discharge Air Damper At Maximum,Boolean,No,([discharge air damper sensor] > 95)
359,VAV_Discharge Air Damper At Minimum,VAV,Discharge Air Damper At Minimum,Boolean,No,([discharge air damper sensor] < 5)
360,VAV_Discharge Air Damper Below Maximum,VAV,Discharge Air Damper Below Maximum,Boolean,No,([discharge air damper sensor] < 95)
361,VAV_Discharge Air Damper Exists,VAV,Discharge Air Damper Exists,Boolean,No,([discharge air damper sensor] IS NOT NULL)
362,VAV_Discharge Air Flow Control Error,VAV,Discharge Air Flow Control Error,Numeric,Yes,"(ABS(1.0 - [discharge air flow sensor] / NULLIF([discharge air flow sp],0)))"
363,VAV_Discharge Air Flow Exists,VAV,Discharge Air Flow Exists,Boolean,No,([discharge air flow sensor] IS NOT NULL)
364,VAV_Discharge Air Flow Reading,VAV,Discharge Air Flow Reading,Numeric,No,([discharge air flow sensor])
365,VAV_Discharge Air Flow Setpoint,VAV,Discharge Air Flow Setpoint,Numeric,No,([discharge air flow sp])
366,VAV_Discharge Air Flow SP Exists,VAV,Discharge Air Flow SP Exists,Boolean,No,([discharge air flow sp] IS NOT NULL)
367,VAV_Discharge Air Temp Control Error,VAV,Discharge Air Temp Control Error,Numeric,Yes,"(CASE WHEN [discharge air temp sensor] - COALESCE([discharge air temp max heating sp],[discharge air temp max sp]) > 0 THEN [discharge air temp sensor] - COALESCE([discharge air temp max heating sp],[discharge air temp max sp]) WHEN [discharge air temp sensor] - COALESCE([discharge air temp max heating sp],[discharge air temp max sp]) <= 0 THEN 0.0 ELSE NULL END)"
368,VAV_Discharge Air Temp Exists,VAV,Discharge Air Temp Exists,Boolean,No,([discharge air temp sensor] IS NOT NULL)
369,VAV_Discharge Air Temp Reading,VAV,Discharge Air Temp Reading,Numeric,No,([discharge air temp sensor])
370,VAV_Discharge Air Temp Setpoint,VAV,Discharge Air Temp Setpoint,Numeric,No,"(COALESCE([discharge air temp max heating sp],[discharge air temp max sp]))"
371,VAV_Discharge Air Temp SP Exists,VAV,Discharge Air Temp SP Exists,Boolean,No,([discharge air temp max sp] IS NOT NULL OR [discharge air temp max heating sp] IS NOT NULL)
372,VAV_Discharge Air Temp SP Too Hot,VAV,Discharge Air Temp SP Too Hot,Boolean,No,([discharge air temp max sp] > 95 OR [discharge air temp max heating sp] > 95)
373,VAV_Discharge Air Temp Too Cold,VAV,Discharge Air Temp Too Cold,Boolean,No,([discharge air temp max sp] - [discharge air temp sensor] > 5 OR [discharge air temp max heating sp] - [discharge air temp sensor] > 5)
374,VAV_Discharge Air Temp Too Hot,VAV,Discharge Air Temp Too Hot,Boolean,No,([discharge air temp sensor] - [discharge air temp max sp] > 5 OR [discharge air temp sensor] - [discharge air temp max heating sp] > 5)
375,VAV_Equipment Operating,VAV,Equipment Operating,Boolean,Yes,([discharge air damper sensor] > 10 OR [discharge air flow sensor] > 50)
376,VAV_Excess Flow,VAV,Excess Flow,Boolean,No,"([discharge air flow sensor] - [discharge air flow sp] > 100 AND [discharge air flow sensor] / NULLIF([discharge air flow sp],0) > 1.25)"
377,VAV_Failed Sensor - CO2,VAV,Failed Sensor - CO2,Boolean,No,([zone air co2 sensor] > 1400 OR [zone air co2 sensor] < 350)
378,VAV_Failed Sensor - Discharge Air Temp,VAV,Failed Sensor - Discharge Air Temp,Boolean,No,([discharge air temp sensor] < 0 OR [discharge air temp sensor] > 120)
379,VAV_Failed Sensor - Zone Air Temp,VAV,Failed Sensor - Zone Air Temp,Boolean,No,([zone air temp sensor] < 0 OR [zone air temp sensor] > 120)
380,VAV_Heating Proof Off,VAV,Heating Proof Off,Boolean,No,([discharge air temp max sp] - [discharge air temp sensor] > 2 OR [discharge air temp max heating sp] - [discharge air temp sensor] > 2 OR [discharge air temp sensor] < 69)
381,VAV_Heating Proof On,VAV,Heating Proof On,Boolean,No,([discharge air temp sensor] - [discharge air temp max sp] > 2 OR [discharge air temp sensor] - [discharge air temp max heating sp] > 2 OR [discharge air temp sensor] > 74)
382,VAV_Mech Heating Exists,VAV,Mech Heating Exists,Boolean,No,([heat stage cmd] IS NOT NULL OR [heating water valve sensor] IS NOT NULL)
383,VAV_Mech Heating Off,VAV,Mech Heating Off,Boolean,No,"(COALESCE([heat stage cmd],[heating water valve sensor]) IS NOT NULL AND (([heat stage cmd] = 0 OR [heat stage cmd] IS NULL) AND ([heating water valve sensor] < 5 OR [heating water valve sensor] IS NULL)))"
384,VAV_Mech Heating On,VAV,Mech Heating On,Boolean,No,([heat stage cmd] > 0 OR [heating water valve sensor] > 5)
385,VAV_Negative Discharge Air Flow,VAV,Negative Discharge Air Flow,Boolean,No,([discharge air flow sensor] < -50)
386,VAV_Occupied Hours,VAV,Occupied Hours,Boolean,No,([occupancy cmd] = 1 OR [occupancy indicator sensor] = 1)
387,VAV_Unoccupied Hours,VAV,Unoccupied Hours,Boolean,No,"(COALESCE([occupancy cmd],[occupancy indicator sensor]) IS NOT NULL AND (([occupancy cmd] = 0 OR [occupancy cmd] IS NULL) AND ([occupancy indicator sensor] = 0 OR [occupancy indicator sensor] IS NULL)))"
388,VAV_Zone Air CO2 Exists,VAV,Zone Air CO2 Exists,Boolean,No,([zone air co2 sensor] IS NOT NULL)
389,VAV_Zone Air Temp Control Error,VAV,Zone Air Temp Control Error,Numeric,Yes,"(COALESCE([zone air temp sensor],([zone air temp sensor] + [zone air temp sensor 2]) / 2.0) - COALESCE([zone air temp effective sp],([zone air temp effective cooling sp] + [zone air temp effective heating sp]) / 2.0,([zone air temp occ cooling sp] + [zone air temp occ heating sp]) / 2.0,([zone air temp unocc cooling sp] + [zone air temp unocc heating sp]) / 2.0))"
390,VAV_Zone Air Temp Exists,VAV,Zone Air Temp Exists,Boolean,No,([zone air temp sensor] IS NOT NULL)
391,VAV_Zone Air Temp Occ Cooling SP Exists,VAV,Zone Air Temp Occ Cooling SP Exists,Boolean,No,([zone air temp effective cooling sp] IS NOT NULL OR [zone air temp occ cooling sp] IS NOT NULL)
392,VAV_Zone Air Temp Occ Cooling SP Too Cold,VAV,Zone Air Temp Occ Cooling SP Too Cold,Boolean,No,([zone air temp effective cooling sp] < 71 OR [zone air temp occ cooling sp] < 71)
393,VAV_Zone Air Temp Occ Heating SP Exists,VAV,Zone Air Temp Occ Heating SP Exists,Boolean,No,([zone air temp occ heating sp] IS NOT NULL OR [zone air temp effective heating sp] IS NOT NULL)
394,VAV_Zone Air Temp Occ Heating SP Too Hot,VAV,Zone Air Temp Occ Heating SP Too Hot,Boolean,No,([zone air temp effective heating sp] > 73 OR [zone air temp occ heating sp] > 73)
395,VAV_Zone Air Temp Reading,VAV,Zone Air Temp Reading,Numeric,No,"(COALESCE([zone air temp sensor],([zone air temp sensor] + [zone air temp sensor 2]) / 2.0))"
396,VAV_Zone Air Temp Setpoint,VAV,Zone Air Temp Setpoint,Numeric,No,"(COALESCE([zone air temp effective sp],([zone air temp effective cooling sp] + [zone air temp effective heating sp]) / 2.0,([zone air temp occ cooling sp] + [zone air temp occ heating sp]) / 2.0,([zone air temp unocc cooling sp] + [zone air temp unocc heating sp]) / 2.0))"
397,VAV_Zone Air Temp Too Cold,VAV,Zone Air Temp Too Cold,Boolean,No,([zone air temp effective heating sp] - [zone air temp sensor] > 2)
398,VAV_Zone Air Temp Too Hot,VAV,Zone Air Temp Too Hot,Boolean,No,([zone air temp sensor] > [zone air temp effective cooling sp] + 2)
399,VAV_Zone Air Temp Unocc Cooling SP Exists,VAV,Zone Air Temp Unocc Cooling SP Exists,Boolean,No,([zone air temp effective cooling sp] IS NOT NULL OR [zone air temp unocc cooling sp] IS NOT NULL)
400,VAV_Zone Air Temp Unocc Cooling SP Too Cold,VAV,Zone Air Temp Unocc Cooling SP Too Cold,Boolean,No,([zone air temp effective cooling sp] < 78 OR [zone air temp unocc cooling sp] < 78)
401,VAV_Zone Air Temp Unocc Heating SP Exists,VAV,Zone Air Temp Unocc Heating SP Exists,Boolean,No,([zone air temp effective heating sp] IS NOT NULL OR [zone air temp unocc heating sp] IS NOT NULL)
402,VAV_Zone Air Temp Unocc Heating SP Too Hot,VAV,Zone Air Temp Unocc Heating SP Too Hot,Boolean,No,([zone air temp effective heating sp] > 65 OR [zone air temp unocc heating sp] > 65)
